{
  "timestamp": "2025-04-16T01:40:17.981Z",
  "system": {
    "platform": "win32",
    "arch": "x64",
    "cpus": 16,
    "totalMemory": 15.283615112304688,
    "freeMemory": 3.7743568420410156
  },
  "stats": {
    "cpu": {
      "avg": 9.7213284000831,
      "max": 29.163985200249304,
      "min": 0
    },
    "memory": {
      "current": {
        "rss": 324.01171875,
        "heapTotal": 279.4765625,
        "heapUsed": 249.2131118774414,
        "external": 6.193342208862305
      },
      "max": {
        "rss": 324.01171875,
        "heapTotal": 279.4765625,
        "heapUsed": 249.2131118774414,
        "external": 6.193342208862305
      }
    },
    "samples": 4
  }
}